chat_id,username,registration_time
867319701,hqdem,2025-02-24 14:33:45
733708993,lerbuk,2025-02-24 14:39:12
197894654,andchc,2025-02-28 11:42:05
609014677,Vladislavshish,2025-02-28 12:12:34
539124334,bonaqui,2025-02-28 12:12:58
521106451,kolenkoa,2025-03-02 21:12:21
895391630,ksenia_melehina_19,2025-03-03 10:03:01
366573256,amorkris,2025-03-03 13:15:14
991664576,Tosâ€™ha,2025-03-03 13:17:10
753374601,kartuzova_elizzers,2025-03-03 13:21:04
737718893,mur_myauk,2025-03-03 14:10:43
1330016483,SheepSt,2025-03-03 14:13:15
1841284301,niqlessi,2025-03-09 18:28:37
1140637373,griffit2h,2025-03-09 18:35:34
5255827089,leksmiy,2025-03-09 19:31:13
